year,divorce,margarine
2000,1.8352223944561605,1.9979972374467134
2001,1.0010303969760879,1.1537730526100745
2002,0.7229663978160628,0.8020129755948079
2003,0.16683839949601503,-0.0422112092418317
2004,-0.11122559966401002,-0.11256322464488475
2005,-0.6673535979840601,-0.9567874094815244
2006,-0.38928959882403263,-0.5346753170632048
2007,-0.38928959882403263,-0.605027332466258
2008,-0.38928959882403263,-0.8160833786754177
2009,-1.7796095946241555,-0.8864353940784713
